STATION_ID,DATETIME,VALUE,UNITS,SENSOR_NUMBER,DURATION,DATA_FLAG,SENSOR_TYPE,OBS_DATE,RESERVOIR_NAME,STATION_ID_INPUT
GBR,2005-01-01,17071388.6316574,M3,15,M, ,STORAGE,20050101 0000,GERBER,GBR
GBR,2005-02-01,17441433.182921648,M3,15,M,e,STORAGE,20050201 0000,GERBER,GBR
GBR,2005-03-01,26698714.373715635,M3,15,M, ,STORAGE,20050301 0000,GERBER,GBR
CLK,2005-01-01,78979842.05816641,M3,15,M, ,STORAGE,20050101 0000,CLEAR LK - KLAMATH R,CLK
CLK,2005-02-01,79177199.15217403,M3,15,M,e,STORAGE,20050201 0000,CLEAR LK - KLAMATH R,CLK
CLK,2005-03-01,85159586.06427939,M3,15,M,r,STORAGE,20050301 0000,CLEAR LK - KLAMATH R,CLK
KLM,2005-01-01,436421909.3881936,M3,15,M, ,STORAGE,20050101 0000,UPPER KLAMATH,KLM
KLM,2005-02-01,430941549.58397007,M3,15,M,e,STORAGE,20050201 0000,UPPER KLAMATH,KLM
KLM,2005-03-01,571803941.950057,M3,15,M,r,STORAGE,20050301 0000,UPPER KLAMATH,KLM
DRE,2005-01-01,30405327.295545872,M3,15,M, ,STORAGE,20050101 0000,DWINNELL RESERVOIR NEAR EDGEWOOD,DRE
DRE,2005-02-01,34475817.35945262,M3,15,M, ,STORAGE,20050201 0000,DWINNELL RESERVOIR NEAR EDGEWOOD,DRE
DRE,2005-03-01,38484633.331482,M3,15,M, ,STORAGE,20050301 0000,DWINNELL RESERVOIR NEAR EDGEWOOD,DRE
CLE,2005-01-01,1958253562.617335,M3,15,M, ,STORAGE,20050101 0000,TRINITY LAKE,CLE
CLE,2005-02-01,2064754851.4348612,M3,15,M, ,STORAGE,20050201 0000,TRINITY LAKE,CLE
CLE,2005-03-01,2271911958.641776,M3,15,M, ,STORAGE,20050301 0000,TRINITY LAKE,CLE
LEW,2005-01-01,17472270.228860337,M3,15,M, ,STORAGE,20050101 0000,LEWISTON,LEW
LEW,2005-02-01,17004780.612429835,M3,15,M, ,STORAGE,20050201 0000,LEWISTON,LEW
LEW,2005-03-01,17490772.45642355,M3,15,M, ,STORAGE,20050301 0000,LEWISTON,LEW
RTD,2005-01-01,61244840.19790847,M3,15,M,r,STORAGE,20050101 0000,RUTH DAM,RTD
RTD,2005-02-01,60118671.2802276,M3,15,M,r,STORAGE,20050201 0000,RUTH DAM,RTD
RTD,2005-03-01,61912153.87202167,M3,15,M,r,STORAGE,20050301 0000,RUTH DAM,RTD
LPY,2005-01-01,75242392.09039749,M3,15,M,r,STORAGE,20050101 0000,LAKE PILLSBURY NR POTTER VLY 24HR AVG,LPY
LPY,2005-02-01,83630068.5857205,M3,15,M,r,STORAGE,20050201 0000,LAKE PILLSBURY NR POTTER VLY 24HR AVG,LPY
LPY,2005-03-01,81656497.6456445,M3,15,M,r,STORAGE,20050301 0000,LAKE PILLSBURY NR POTTER VLY 24HR AVG,LPY
COY,2005-01-01,87455095.7639553,M3,15,M, ,STORAGE,20050101 0000,COYOTE (LAKE MENDOCINO),COY
COY,2005-02-01,88161880.85687001,M3,15,M, ,STORAGE,20050201 0000,COYOTE (LAKE MENDOCINO),COY
COY,2005-03-01,107356091.73094666,M3,15,M, ,STORAGE,20050301 0000,COYOTE (LAKE MENDOCINO),COY
WRS,2005-01-01,301018907.6350919,M3,15,M, ,STORAGE,20050101 0000,WARM SPRINGS (LAKE SONOMA),WRS
WRS,2005-02-01,307030898.1112984,M3,15,M, ,STORAGE,20050201 0000,WARM SPRINGS (LAKE SONOMA),WRS
WRS,2005-03-01,303818911.4063247,M3,15,M, ,STORAGE,20050301 0000,WARM SPRINGS (LAKE SONOMA),WRS
APN,2005-01-01,10966887.017634822,M3,15,M, ,STORAGE,20050101 0000,ALPINE LAKE,APN
APN,2005-02-01,10966887.017634822,M3,15,M, ,STORAGE,20050201 0000,ALPINE LAKE,APN
APN,2005-03-01,10966887.017634822,M3,15,M, ,STORAGE,20050301 0000,ALPINE LAKE,APN
KNT,2005-01-01,37574323.73537194,M3,15,M, ,STORAGE,20050101 0000,KENT,KNT
KNT,2005-02-01,40575385.04612501,M3,15,M, ,STORAGE,20050201 0000,KENT,KNT
KNT,2005-03-01,40575385.04612501,M3,15,M, ,STORAGE,20050301 0000,KENT,KNT
SLJ,2005-01-01,13040369.98655217,M3,15,M, ,STORAGE,20050101 0000,SOULAJULE DAM,SLJ
SLJ,2005-02-01,13040369.98655217,M3,15,M, ,STORAGE,20050201 0000,SOULAJULE DAM,SLJ
SLJ,2005-03-01,13040369.98655217,M3,15,M, ,STORAGE,20050301 0000,SOULAJULE DAM,SLJ
NCA,2005-01-01,27666997.616190422,M3,15,M, ,STORAGE,20050101 0000,NICASIO,NCA
NCA,2005-02-01,27666997.616190422,M3,15,M, ,STORAGE,20050201 0000,NICASIO,NCA
NCA,2005-03-01,27666997.616190422,M3,15,M, ,STORAGE,20050301 0000,NICASIO,NCA
HNN,2005-01-01,38237936.9639725,M3,15,M, ,STORAGE,20050101 0000,LAKE HENNESSEY,HNN
HNN,2005-02-01,38237936.9639725,M3,15,M, ,STORAGE,20050201 0000,LAKE HENNESSEY,HNN
HNN,2005-03-01,38237936.9639725,M3,15,M, ,STORAGE,20050301 0000,LAKE HENNESSEY,HNN
BIO,2005-01-01,72047674.13114947,M3,15,M, ,STORAGE,20050101 0000,BRIONES DAM,BIO
BIO,2005-02-01,72787763.23367797,M3,15,M, ,STORAGE,20050201 0000,BRIONES DAM,BIO
BIO,2005-03-01,73022124.782812,M3,15,M, ,STORAGE,20050301 0000,BRIONES DAM,BIO
CVE,2005-01-01,61817175.77053051,M3,15,M, ,STORAGE,20050101 0000,CALAVERAS,CVE
CVE,2005-02-01,71071989.9976494,M3,15,M, ,STORAGE,20050201 0000,CALAVERAS,CVE
CVE,2005-03-01,65645903.394277945,M3,15,M, ,STORAGE,20050301 0000,CALAVERAS,CVE
DLV,2005-01-01,45578387.37921767,M3,15,M, ,STORAGE,20050101 0000,DEL VALLE,DLV
DLV,2005-02-01,47841826.55111733,M3,15,M, ,STORAGE,20050201 0000,DEL VALLE,DLV
DLV,2005-03-01,49059273.12477671,M3,15,M, ,STORAGE,20050301 0000,DEL VALLE,DLV
USL,2005-01-01,37732209.41057802,M3,15,M, ,STORAGE,20050101 0000,U SAN LEANDRO,USL
USL,2005-02-01,37164807.765306175,M3,15,M, ,STORAGE,20050201 0000,U SAN LEANDRO,USL
USL,2005-03-01,43541908.86542675,M3,15,M, ,STORAGE,20050301 0000,U SAN LEANDRO,USL
SAT,2005-01-01,46075480.55974931,M3,15,M, ,STORAGE,20050101 0000,SAN ANTONIO RESERVOIR,SAT
SAT,2005-02-01,50245882.65249741,M3,15,M, ,STORAGE,20050201 0000,SAN ANTONIO RESERVOIR,SAT
SAT,2005-03-01,54893642.21637639,M3,15,M, ,STORAGE,20050301 0000,SAN ANTONIO RESERVOIR,SAT
CHB,2005-01-01,10792966.078540625,M3,15,M, ,STORAGE,20050101 0000,CHABOT,CHB
CHB,2005-02-01,11705742.638325775,M3,15,M, ,STORAGE,20050201 0000,CHABOT,CHB
CHB,2005-03-01,12186800.5549693,M3,15,M, ,STORAGE,20050301 0000,CHABOT,CHB
AST,2005-01-01,5237363.882226685,M3,15,M, ,STORAGE,20050101 0000,LAKE ELSMAN (AUSTRIAN DAM),AST
AST,2005-02-01,7399657.543447452,M3,15,M, ,STORAGE,20050201 0000,LAKE ELSMAN (AUSTRIAN DAM),AST
AST,2005-03-01,7592080.710104862,M3,15,M, ,STORAGE,20050301 0000,LAKE ELSMAN (AUSTRIAN DAM),AST
CYC,2005-01-01,15272972.112513144,M3,15,M, ,STORAGE,20050101 0000,COYOTE RES-STA CLARA,CYC
CYC,2005-02-01,21259059.470131163,M3,15,M, ,STORAGE,20050201 0000,COYOTE RES-STA CLARA,CYC
CYC,2005-03-01,25465232.536168136,M3,15,M, ,STORAGE,20050301 0000,COYOTE RES-STA CLARA,CYC
LNG,2005-01-01,12453232.631879559,M3,15,M, ,STORAGE,20050101 0000,LEXINGTON RESERVOIR,LNG
LNG,2005-02-01,15534470.262073215,M3,15,M, ,STORAGE,20050201 0000,LEXINGTON RESERVOIR,LNG
LNG,2005-03-01,22571484.145281702,M3,15,M, ,STORAGE,20050301 0000,LEXINGTON RESERVOIR,LNG
LRA,2005-01-01,81942665.43195552,M3,15,M, ,STORAGE,20050101 0000,LEROY ANDERSON,LRA
LRA,2005-02-01,97334051.80087322,M3,15,M, ,STORAGE,20050201 0000,LEROY ANDERSON,LRA
LRA,2005-03-01,105216000.74280174,M3,15,M, ,STORAGE,20050301 0000,LEROY ANDERSON,LRA
CRY,2005-01-01,63370129.40400281,M3,15,M, ,STORAGE,20050101 0000,LOWER CRYSTAL SPRINGS RESERVOIR,CRY
CRY,2005-02-01,69345115.42508289,M3,15,M, ,STORAGE,20050201 0000,LOWER CRYSTAL SPRINGS RESERVOIR,CRY
CRY,2005-03-01,70276394.21243127,M3,15,M, ,STORAGE,20050301 0000,LOWER CRYSTAL SPRINGS RESERVOIR,CRY
SNN,2005-01-01,21129543.877188675,M3,15,M, ,STORAGE,20050101 0000,SAN ANDREAS,SNN
SNN,2005-02-01,16949273.929740198,M3,15,M, ,STORAGE,20050201 0000,SAN ANDREAS,SNN
SNN,2005-03-01,18348042.33351906,M3,15,M, ,STORAGE,20050301 0000,SAN ANDREAS,SNN
SPB,2005-01-01,26347172.0500146,M3,15,M, ,STORAGE,20050101 0000,SAN PABLO,SPB
SPB,2005-02-01,27642327.979439475,M3,15,M, ,STORAGE,20050201 0000,SAN PABLO,SPB
SPB,2005-03-01,29652903.3746419,M3,15,M, ,STORAGE,20050301 0000,SAN PABLO,SPB
SLN,2005-01-01,29573960.53703886,M3,15,M, ,STORAGE,20050101 0000,SANTA MARGARITA LAKE,SLN
SLN,2005-02-01,29882330.996425733,M3,15,M, ,STORAGE,20050201 0000,SANTA MARGARITA LAKE,SLN
SLN,2005-03-01,29746647.994295508,M3,15,M,,STORAGE,20050301 0000,SANTA MARGARITA LAKE,SLN
ATN,2005-01-01,227530526.71768692,M3,15,M, ,STORAGE,20050101 0000,LAKE SAN ANTONIO,ATN
ATN,2005-02-01,274856757.8607094,M3,15,M, ,STORAGE,20050201 0000,LAKE SAN ANTONIO,ATN
ATN,2005-03-01,313898924.9827629,M3,15,M, ,STORAGE,20050301 0000,LAKE SAN ANTONIO,ATN
WHR,2005-01-01,41258733.98412632,M3,15,M, ,STORAGE,20050101 0000,WHALE ROCK,WHR
WHR,2005-02-01,44690280.45618347,M3,15,M, ,STORAGE,20050201 0000,WHALE ROCK,WHR
WHR,2005-03-01,49864736.764695235,M3,15,M, ,STORAGE,20050301 0000,WHALE ROCK,WHR
NCM,2005-01-01,346768748.9897286,M3,15,M, ,STORAGE,20050101 0000,NACIMIENTO,NCM
NCM,2005-02-01,376119449.31417143,M3,15,M, ,STORAGE,20050201 0000,NACIMIENTO,NCM
NCM,2005-03-01,426538019.42392546,M3,15,M, ,STORAGE,20050301 0000,NACIMIENTO,NCM
GBL,2005-01-01,8667676.872446282,M3,15,M, ,STORAGE,20050101 0000,GIBRALTAR DAM,GBL
GBL,2005-02-01,8773756.310475366,M3,15,M, ,STORAGE,20050201 0000,GIBRALTAR DAM,GBL
GBL,2005-03-01,8630672.417319857,M3,15,M, ,STORAGE,20050301 0000,GIBRALTAR DAM,GBL
CCH,2005-01-01,232950445.91187066,M3,15,M, ,STORAGE,20050101 0000,CACHUMA LAKE (BRADBURY DAM),CCH
CCH,2005-02-01,232384277.74843633,M3,15,M, ,STORAGE,20050201 0000,CACHUMA LAKE (BRADBURY DAM),CCH
CCH,2005-03-01,238335827.61460304,M3,15,M, ,STORAGE,20050301 0000,CACHUMA LAKE (BRADBURY DAM),CCH
MAT,2005-01-01,1196477.382421075,M3,15,M, ,STORAGE,20050101 0000,MATILIJA DAM,MAT
MAT,2005-02-01,1217446.5736593825,M3,15,M, ,STORAGE,20050201 0000,MATILIJA DAM,MAT
MAT,2005-03-01,1189076.49139579,M3,15,M, ,STORAGE,20050301 0000,MATILIJA DAM,MAT
CSI,2005-01-01,266737980.40597177,M3,15,M, ,STORAGE,20050101 0000,CASITAS,CSI
CSI,2005-02-01,298782605.06361824,M3,15,M, ,STORAGE,20050201 0000,CASITAS,CSI
CSI,2005-03-01,308981032.896461,M3,15,M, ,STORAGE,20050301 0000,CASITAS,CSI
PYM,2005-01-01,203013841.7145928,M3,15,M, ,STORAGE,20050101 0000,PYRAMID,PYM
PYM,2005-02-01,206495960.94198942,M3,15,M, ,STORAGE,20050201 0000,PYRAMID,PYM
PYM,2005-03-01,209140546.00169125,M3,15,M, ,STORAGE,20050301 0000,PYRAMID,PYM
CAS,2005-01-01,353192722.399676,M3,15,M, ,STORAGE,20050101 0000,CASTAIC,CAS
CAS,2005-02-01,379875401.50950354,M3,15,M, ,STORAGE,20050201 0000,CASTAIC,CAS
CAS,2005-03-01,356872198.72108024,M3,15,M, ,STORAGE,20050301 0000,CASTAIC,CAS
PRU,2005-01-01,102872385.25146149,M3,15,M,r,STORAGE,20050101 0000,LAKE PIRU,PRU
PRU,2005-02-01,103489126.17023525,M3,15,M,r,STORAGE,20050201 0000,LAKE PIRU,PRU
PRU,2005-03-01,102008947.96517825,M3,15,M,r,STORAGE,20050301 0000,LAKE PIRU,PRU
CGS,2005-01-01,9771643.117051294,M3,15,M, ,STORAGE,20050101 0000,COGSWELL RESERVOIR,CGS
CGS,2005-02-01,8223623.410929182,M3,15,M, ,STORAGE,20050201 0000,COGSWELL RESERVOIR,CGS
CGS,2005-03-01,12894819.129721565,M3,15,M, ,STORAGE,20050301 0000,COGSWELL RESERVOIR,CGS
SGB,2005-01-01,47477949.40904082,M3,15,M, ,STORAGE,20050101 0000,SAN GABRIEL,SGB
SGB,2005-02-01,43236005.36971497,M3,15,M, ,STORAGE,20050201 0000,SAN GABRIEL,SGB
SGB,2005-03-01,51080949.85651707,M3,15,M, ,STORAGE,20050301 0000,SAN GABRIEL,SGB
MHW,2005-01-01,202476043.6334221,M3,15,M, ,STORAGE,20050101 0000,LAKE MATHEWS,MHW
MHW,2005-02-01,205706532.565959,M3,15,M, ,STORAGE,20050201 0000,LAKE MATHEWS,MHW
MHW,2005-03-01,204550760.08417702,M3,15,M, ,STORAGE,20050301 0000,LAKE MATHEWS,MHW
HMT,2005-01-01,14595790.583699567,M3,15,M, ,STORAGE,20050101 0000,LAKE HEMET,HMT
HMT,2005-02-01,16698877.116718054,M3,15,M, ,STORAGE,20050201 0000,LAKE HEMET,HMT
HMT,2005-03-01,16698877.116718054,M3,15,M, ,STORAGE,20050301 0000,LAKE HEMET,HMT
PRR,2005-01-01,143001249.87239432,M3,15,M, ,STORAGE,20050101 0000,PERRIS,PRR
PRR,2005-02-01,144205128.14584067,M3,15,M, ,STORAGE,20050201 0000,PERRIS,PRR
PRR,2005-03-01,150643903.33783862,M3,15,M, ,STORAGE,20050301 0000,PERRIS,PRR
BRV,2005-01-01,63389865.113403566,M3,15,M, ,STORAGE,20050101 0000,BEAR VALLEY DAM,BRV
BRV,2005-02-01,68422471.01059736,M3,15,M, ,STORAGE,20050201 0000,BEAR VALLEY DAM,BRV
BRV,2005-03-01,73783183.07657881,M3,15,M, ,STORAGE,20050301 0000,BEAR VALLEY DAM,BRV
SVO,2005-01-01,36372912.42560068,M3,15,M, ,STORAGE,20050101 0000,SEVEN OAKS DAM,SVO
SVO,2005-02-01,50602358.903548636,M3,15,M, ,STORAGE,20050201 0000,SEVEN OAKS DAM,SVO
SVO,2005-03-01,32460308.03690001,M3,15,M, ,STORAGE,20050301 0000,SEVEN OAKS DAM,SVO
RLC,2005-01-01,14768478.040956216,M3,15,M, ,STORAGE,20050101 0000,RAILROAD CANYON,RLC
RLC,2005-02-01,14962134.689451175,M3,15,M, ,STORAGE,20050201 0000,RAILROAD CANYON,RLC
RLC,2005-03-01,14832619.096508687,M3,15,M, ,STORAGE,20050301 0000,RAILROAD CANYON,RLC
SGC,2005-01-01,31358808.75597009,M3,15,M, ,STORAGE,20050101 0000,SANTIAGO CREEK RES (IRVINE LAKE),SGC
SGC,2005-02-01,31795461.326461907,M3,15,M, ,STORAGE,20050201 0000,SANTIAGO CREEK RES (IRVINE LAKE),SGC
SGC,2005-03-01,30935724.485691298,M3,15,M, ,STORAGE,20050301 0000,SANTIAGO CREEK RES (IRVINE LAKE),SGC
DMV,2005-01-01,784977973.5605286,M3,15,M, ,STORAGE,20050101 0000,DIAMOND VALLEY,DMV
DMV,2005-02-01,826371157.0649476,M3,15,M, ,STORAGE,20050201 0000,DIAMOND VALLEY,DMV
DMV,2005-03-01,877037657.0240487,M3,15,M, ,STORAGE,20050301 0000,DIAMOND VALLEY,DMV
VIL,2005-01-01,32724273.150135174,M3,15,M, ,STORAGE,20050101 0000,VAIL LAKE,VIL
VIL,2005-02-01,39792124.07928235,M3,15,M, ,STORAGE,20050201 0000,VAIL LAKE,VIL
VIL,2005-03-01,42555123.395388745,M3,15,M, ,STORAGE,20050301 0000,VAIL LAKE,VIL
STD,2005-01-01,10873142.397981212,M3,15,M, ,STORAGE,20050101 0000,SUTHERLAND RESERVOIR,STD
STD,2005-02-01,18645311.45636801,M3,15,M, ,STORAGE,20050201 0000,SUTHERLAND RESERVOIR,STD
STD,2005-03-01,23437388.395240046,M3,15,M, ,STORAGE,20050301 0000,SUTHERLAND RESERVOIR,STD
HDG,2005-01-01,29136074.484709498,M3,15,M, ,STORAGE,20050101 0000,LAKE HODGES,HDG
HDG,2005-02-01,38605514.55156165,M3,15,M, ,STORAGE,20050201 0000,LAKE HODGES,HDG
HDG,2005-03-01,38225602.145597026,M3,15,M, ,STORAGE,20050301 0000,LAKE HODGES,HDG
CUY,2005-01-01,1228547.91019731,M3,15,M, ,STORAGE,20050101 0000,CUYAMACA DAM,CUY
CUY,2005-02-01,8282830.539131462,M3,15,M, ,STORAGE,20050201 0000,CUYAMACA DAM,CUY
CUY,2005-03-01,7127058.057349455,M3,15,M, ,STORAGE,20050301 0000,CUYAMACA DAM,CUY
MOR,2005-01-01,7144326.80307512,M3,15,M, ,STORAGE,20050101 0000,MORENA DAM,MOR
MOR,2005-02-01,12030148.361600766,M3,15,M, ,STORAGE,20050201 0000,MORENA DAM,MOR
MOR,2005-03-01,15386452.441567514,M3,15,M, ,STORAGE,20050301 0000,MORENA DAM,MOR
HNS,2005-01-01,23874040.965731863,M3,15,M, ,STORAGE,20050101 0000,HENSHAW,HNS
HNS,2005-02-01,39103841.213930845,M3,15,M, ,STORAGE,20050201 0000,HENSHAW,HNS
HNS,2005-03-01,45022087.070483744,M3,15,M, ,STORAGE,20050301 0000,HENSHAW,HNS
BRT,2005-01-01,18359143.670056988,M3,15,M, ,STORAGE,20050101 0000,BARRETT,BRT
BRT,2005-02-01,27087261.152543098,M3,15,M, ,STORAGE,20050201 0000,BARRETT,BRT
BRT,2005-03-01,33634582.74624523,M3,15,M, ,STORAGE,20050301 0000,BARRETT,BRT
SKN,2005-01-01,46667551.84177211,M3,15,M, ,STORAGE,20050101 0000,SKINNER,SKN
SKN,2005-02-01,47202882.95926773,M3,15,M, ,STORAGE,20050201 0000,SKINNER,SKN
SKN,2005-03-01,47368169.52549909,M3,15,M, ,STORAGE,20050301 0000,SKINNER,SKN
MMR,2005-01-01,7257807.132129489,M3,15,M, ,STORAGE,20050101 0000,MIRAMAR,MMR
MMR,2005-02-01,7186265.185551735,M3,15,M, ,STORAGE,20050201 0000,MIRAMAR,MMR
MMR,2005-03-01,7177630.812688902,M3,15,M, ,STORAGE,20050301 0000,MIRAMAR,MMR
JNN,2005-01-01,10961953.090284633,M3,15,M, ,STORAGE,20050101 0000,LAKE JENNINGS,JNN
JNN,2005-02-01,11090235.201389572,M3,15,M, ,STORAGE,20050201 0000,LAKE JENNINGS,JNN
JNN,2005-03-01,11100103.056089953,M3,15,M, ,STORAGE,20050301 0000,LAKE JENNINGS,JNN
ELC,2005-01-01,63980702.91358882,M3,15,M, ,STORAGE,20050101 0000,EL CAPITAN DAM,ELC
ELC,2005-02-01,81506012.8614637,M3,15,M, ,STORAGE,20050201 0000,EL CAPITAN DAM,ELC
ELC,2005-03-01,92064617.3908703,M3,15,M, ,STORAGE,20050301 0000,EL CAPITAN DAM,ELC
SVT,2005-01-01,92180564.68359977,M3,15,M, ,STORAGE,20050101 0000,SAN VICENTE,SVT
SVT,2005-02-01,99460574.48880512,M3,15,M, ,STORAGE,20050201 0000,SAN VICENTE,SVT
SVT,2005-03-01,100356082.3028646,M3,15,M, ,STORAGE,20050301 0000,SAN VICENTE,SVT
MRR,2005-01-01,4488640.406835352,M3,15,M, ,STORAGE,20050101 0000,MURRAY RESERVOIR,MRR
MRR,2005-02-01,4530578.789311967,M3,15,M, ,STORAGE,20050201 0000,MURRAY RESERVOIR,MRR
MRR,2005-03-01,4539213.1621747995,M3,15,M, ,STORAGE,20050301 0000,MURRAY RESERVOIR,MRR
LVD,2005-01-01,21735183.459424496,M3,15,M, ,STORAGE,20050101 0000,LOVELAND RESERVOIR,LVD
LVD,2005-02-01,25517038.77334513,M3,15,M, ,STORAGE,20050201 0000,LOVELAND RESERVOIR,LVD
LVD,2005-03-01,30952993.231416963,M3,15,M, ,STORAGE,20050301 0000,LOVELAND RESERVOIR,LVD
SW3,2005-01-01,18682315.911494434,M3,15,M, ,STORAGE,20050101 0000,SWEETWATER RESERVOIR,SW3
SW3,2005-02-01,27824883.291396502,M3,15,M, ,STORAGE,20050201 0000,SWEETWATER RESERVOIR,SW3
SW3,2005-03-01,28667351.386441447,M3,15,M, ,STORAGE,20050301 0000,SWEETWATER RESERVOIR,SW3
LOT,2005-01-01,51996193.379977316,M3,15,M, ,STORAGE,20050101 0000,LOWER OTAY,LOT
LOT,2005-02-01,61323783.03551151,M3,15,M, ,STORAGE,20050201 0000,LOWER OTAY,LOT
LOT,2005-03-01,60853826.455405906,M3,15,M, ,STORAGE,20050301 0000,LOWER OTAY,LOT
WHI,2005-01-01,260957884.5152242,M3,15,M, ,STORAGE,20050101 0000,WHISKEYTOWN DAM (USBR),WHI
WHI,2005-02-01,258599467.24183336,M3,15,M, ,STORAGE,20050201 0000,WHISKEYTOWN DAM (USBR),WHI
WHI,2005-03-01,252905715.0797141,M3,15,M, ,STORAGE,20050301 0000,WHISKEYTOWN DAM (USBR),WHI
SHA,2005-01-01,3493258801.871484,M3,15,M, ,STORAGE,20050101 0000,SHASTA DAM (USBR),SHA
SHA,2005-02-01,3907739536.3333826,M3,15,M, ,STORAGE,20050201 0000,SHASTA DAM (USBR),SHA
SHA,2005-03-01,4720585565.049622,M3,15,M, ,STORAGE,20050301 0000,SHASTA DAM (USBR),SHA
KES,2005-01-01,27823649.809558958,M3,15,M, ,STORAGE,20050101 0000,KESWICK RESERVOIR,KES
KES,2005-02-01,25964792.680374872,M3,15,M, ,STORAGE,20050201 0000,KESWICK RESERVOIR,KES
KES,2005-03-01,26112810.500880573,M3,15,M, ,STORAGE,20050301 0000,KESWICK RESERVOIR,KES
MCO,2005-01-01,26749287.129055083,M3,15,M, ,STORAGE,20050101 0000,LAKE MCCLOUD,MCO
MCO,2005-02-01,29237219.995388392,M3,15,M, ,STORAGE,20050201 0000,LAKE MCCLOUD,MCO
MCO,2005-03-01,30455900.05088532,M3,15,M, ,STORAGE,20050301 0000,LAKE MCCLOUD,MCO
BIT,2005-01-01,47567993.58318179,M3,15,M, ,STORAGE,20050101 0000,LAKE BRITTON,BIT
BIT,2005-02-01,48559712.98056998,M3,15,M, ,STORAGE,20050201 0000,LAKE BRITTON,BIT
BIT,2005-03-01,47264557.0511451,M3,15,M, ,STORAGE,20050301 0000,LAKE BRITTON,BIT
IRC,2005-01-01,12125126.463091925,M3,15,M, ,STORAGE,20050101 0000,IRON CANYON,IRC
IRC,2005-02-01,12952792.776086297,M3,15,M, ,STORAGE,20050201 0000,IRON CANYON,IRC
IRC,2005-03-01,4276481.530777182,M3,15,M, ,STORAGE,20050301 0000,IRON CANYON,IRC
PT6,2005-01-01,16849361.900898848,M3,15,M, ,STORAGE,20050101 0000,PIT R NO 6 RESERVOIR,PT6
PT6,2005-02-01,16400374.512031559,M3,15,M, ,STORAGE,20050201 0000,PIT R NO 6 RESERVOIR,PT6
PT6,2005-03-01,16940639.556877363,M3,15,M, ,STORAGE,20050301 0000,PIT R NO 6 RESERVOIR,PT6
PT7,2005-01-01,40856618.90508584,M3,15,M, ,STORAGE,20050101 0000,PIT R NO 7 RESERVOIR,PT7
PT7,2005-02-01,40070890.974568084,M3,15,M, ,STORAGE,20050201 0000,PIT R NO 7 RESERVOIR,PT7
PT7,2005-03-01,40856618.90508584,M3,15,M, ,STORAGE,20050301 0000,PIT R NO 7 RESERVOIR,PT7
EPK,2005-01-01,60132239.580440626,M3,15,M, ,STORAGE,20050101 0000,EAST PARK RESERVOIR,EPK
EPK,2005-02-01,60650301.952210575,M3,15,M, ,STORAGE,20050201 0000,EAST PARK RESERVOIR,EPK
EPK,2005-03-01,60230918.127444424,M3,15,M, ,STORAGE,20050301 0000,EAST PARK RESERVOIR,EPK
STG,2005-01-01,49845001.05529447,M3,15,M, ,STORAGE,20050101 0000,STONY GORGE RESERVOIR,STG
STG,2005-02-01,51695223.81161572,M3,15,M, ,STORAGE,20050201 0000,STONY GORGE RESERVOIR,STG
STG,2005-03-01,59268802.29415737,M3,15,M, ,STORAGE,20050301 0000,STONY GORGE RESERVOIR,STG
BLB,2005-01-01,72633578.00398454,M3,15,M, ,STORAGE,20050101 0000,BLACK BUTTE,BLB
BLB,2005-02-01,101299695.90858844,M3,15,M, ,STORAGE,20050201 0000,BLACK BUTTE,BLB
BLB,2005-03-01,146006011.62866002,M3,15,M, ,STORAGE,20050301 0000,BLACK BUTTE,BLB
DAV,2005-01-01,53042185.978217594,M3,15,M, ,STORAGE,20050101 0000,LAKE DAVIS (DWR),DAV
DAV,2005-02-01,53246943.96325048,M3,15,M, ,STORAGE,20050201 0000,LAKE DAVIS (DWR),DAV
DAV,2005-03-01,58861753.287766695,M3,15,M, ,STORAGE,20050301 0000,LAKE DAVIS (DWR),DAV
FRD,2005-01-01,31849734.527313996,M3,15,M, ,STORAGE,20050101 0000,FRENCHMAN DAM,FRD
FRD,2005-02-01,31821364.445050403,M3,15,M, ,STORAGE,20050201 0000,FRENCHMAN DAM,FRD
FRD,2005-03-01,34933439.12118275,M3,15,M, ,STORAGE,20050301 0000,FRENCHMAN DAM,FRD
BCL,2005-01-01,59039374.67237353,M3,15,M, ,STORAGE,20050101 0000,BUCKS LAKE STORAGE,BCL
BCL,2005-02-01,63155503.56426954,M3,15,M, ,STORAGE,20050201 0000,BUCKS LAKE STORAGE,BCL
BCL,2005-03-01,73197279.20374374,M3,15,M, ,STORAGE,20050301 0000,BUCKS LAKE STORAGE,BCL
LGV,2005-01-01,53409763.56580675,M3,15,M,r,STORAGE,20050101 0000,LITTLE GRASS VALLEY,LGV
LGV,2005-02-01,60317261.856072746,M3,15,M,r,STORAGE,20050201 0000,LITTLE GRASS VALLEY,LGV
LGV,2005-03-01,77270236.23132558,M3,15,M, ,STORAGE,20050301 0000,LITTLE GRASS VALLEY,LGV
MMW,2005-01-01,6599127.830879125,M3,15,M, ,STORAGE,20050101 0000,MOUNTAIN MEADOWS,MMW
MMW,2005-02-01,7875781.532740787,M3,15,M, ,STORAGE,20050201 0000,MOUNTAIN MEADOWS,MMW
MMW,2005-03-01,8481421.11497661,M3,15,M, ,STORAGE,20050301 0000,MOUNTAIN MEADOWS,MMW
ANT,2005-01-01,18055707.138020303,M3,15,M, ,STORAGE,20050101 0000,ANTELOPE LAKE,ANT
ANT,2005-02-01,18261698.604890738,M3,15,M, ,STORAGE,20050201 0000,ANTELOPE LAKE,ANT
ANT,2005-03-01,22497475.23502885,M3,15,M, ,STORAGE,20050301 0000,ANTELOPE LAKE,ANT
ALM,2005-01-01,905312761.1861501,M3,15,M,r,STORAGE,20050101 0000,LAKE ALMANOR,ALM
ALM,2005-02-01,927184861.1295424,M3,15,M,r,STORAGE,20050201 0000,LAKE ALMANOR,ALM
ALM,2005-03-01,1008942504.2858657,M3,15,M, ,STORAGE,20050301 0000,LAKE ALMANOR,ALM
BTV,2005-01-01,50359362.98155178,M3,15,M, ,STORAGE,20050101 0000,BUTT VALLEY,BTV
BTV,2005-02-01,49831432.75508145,M3,15,M, ,STORAGE,20050201 0000,BUTT VALLEY,BTV
BTV,2005-03-01,52302096.87568909,M3,15,M, ,STORAGE,20050301 0000,BUTT VALLEY,BTV
SLC,2005-01-01,23929547.6484215,M3,15,M,r,STORAGE,20050101 0000,SLY CREEK,SLC
SLC,2005-02-01,31700483.224970747,M3,15,M,r,STORAGE,20050201 0000,SLY CREEK,SLC
SLC,2005-03-01,69437626.56289896,M3,15,M, ,STORAGE,20050301 0000,SLY CREEK,SLC
ORO,2005-01-01,2238410591.933986,M3,15,M, ,STORAGE,20050101 0000,OROVILLE DAM,ORO
ORO,2005-02-01,2495920894.713265,M3,15,M,r,STORAGE,20050201 0000,OROVILLE DAM,ORO
ORO,2005-03-01,3031375360.392635,M3,15,M, ,STORAGE,20050301 0000,OROVILLE DAM,ORO
TFR,2005-01-01,13761956.861517457,M3,15,M, ,STORAGE,20050101 0000,THERMALITO FOREBAY,TFR
TFR,2005-02-01,13412881.501491515,M3,15,M, ,STORAGE,20050201 0000,THERMALITO FOREBAY,TFR
TFR,2005-03-01,12873849.938483257,M3,15,M, ,STORAGE,20050301 0000,THERMALITO FOREBAY,TFR
THD,2005-01-01,16220286.163749624,M3,15,M, ,STORAGE,20050101 0000,THERMALITO DIVERSION POOL,THD
THD,2005-02-01,15943986.232138984,M3,15,M, ,STORAGE,20050201 0000,THERMALITO DIVERSION POOL,THD
THD,2005-03-01,15604778.726813423,M3,15,M, ,STORAGE,20050301 0000,THERMALITO DIVERSION POOL,THD
TAB,2005-01-01,54070909.830732204,M3,15,M, ,STORAGE,20050101 0000,THERMALITO AFTERBAY,TAB
TAB,2005-02-01,40358292.24271665,M3,15,M, ,STORAGE,20050201 0000,THERMALITO AFTERBAY,TAB
TAB,2005-03-01,51354782.82445261,M3,15,M, ,STORAGE,20050301 0000,THERMALITO AFTERBAY,TAB
TMT,2005-01-01,84053152.85599929,M3,15,M, ,STORAGE,20050101 0000,THERMALITO TOTAL,TMT
TMT,2005-02-01,69715159.97634715,M3,15,M, ,STORAGE,20050201 0000,THERMALITO TOTAL,TMT
TMT,2005-03-01,79833411.4897493,M3,15,M, ,STORAGE,20050301 0000,THERMALITO TOTAL,TMT
FRL,2005-01-01,10142921.150153091,M3,15,M, ,STORAGE,20050101 0000,FRENCH LAKE,FRL
FRL,2005-02-01,10366181.36274919,M3,15,M, ,STORAGE,20050201 0000,FRENCH LAKE,FRL
FRL,2005-03-01,11429442.706715135,M3,15,M, ,STORAGE,20050301 0000,FRENCH LAKE,FRL
JCK,2005-01-01,45361294.57580931,M3,15,M, ,STORAGE,20050101 0000,JACKSON MEADOWS (NEVADA CO WD),JCK
JCK,2005-02-01,44302967.15919355,M3,15,M, ,STORAGE,20050201 0000,JACKSON MEADOWS (NEVADA CO WD),JCK
JCK,2005-03-01,43659089.63999376,M3,15,M, ,STORAGE,20050301 0000,JACKSON MEADOWS (NEVADA CO WD),JCK
BWN,2005-01-01,34167446.90006575,M3,15,M,r,STORAGE,20050101 0000,BOWMAN LAKE,BWN
BWN,2005-02-01,27876689.528573498,M3,15,M,r,STORAGE,20050201 0000,BOWMAN LAKE,BWN
BWN,2005-03-01,33925684.45990644,M3,15,M, ,STORAGE,20050301 0000,BOWMAN LAKE,BWN
BWS,2005-01-01,36800930.62322966,M3,15,M, ,STORAGE,20050101 0000,LAKE SPAULDING S YUBA SYSTEM,BWS
BWS,2005-02-01,24188578.834306475,M3,15,M, ,STORAGE,20050201 0000,LAKE SPAULDING S YUBA SYSTEM,BWS
BWS,2005-03-01,36866305.160619676,M3,15,M, ,STORAGE,20050301 0000,LAKE SPAULDING S YUBA SYSTEM,BWS
SFL,2005-01-01,42595828.29602782,M3,15,M, ,STORAGE,20050101 0000,SCOTTS FLAT,SFL
SFL,2005-02-01,48401827.3053639,M3,15,M, ,STORAGE,20050201 0000,SCOTTS FLAT,SFL
SFL,2005-03-01,59881842.76741848,M3,15,M, ,STORAGE,20050301 0000,SCOTTS FLAT,SFL
BUL,2005-01-01,633487901.6821324,M3,15,M,r,STORAGE,20050101 0000,NEW BULLARDS BAR,BUL
BUL,2005-02-01,709535757.4124484,M3,15,M,r,STORAGE,20050201 0000,NEW BULLARDS BAR,BUL
BUL,2005-03-01,907513292.7843348,M3,15,M,r,STORAGE,20050301 0000,NEW BULLARDS BAR,BUL
ENG,2005-01-01,82104251.55267423,M3,15,M, ,STORAGE,20050101 0000,ENGLEBRIGHT (USACE),ENG
ENG,2005-02-01,80710417.07624556,M3,15,M, ,STORAGE,20050201 0000,ENGLEBRIGHT (USACE),ENG
ENG,2005-03-01,81361695.48647064,M3,15,M, ,STORAGE,20050301 0000,ENGLEBRIGHT (USACE),ENG
RLL,2005-01-01,71815779.54569054,M3,15,M, ,STORAGE,20050101 0000,ROLLINS,RLL
RLL,2005-02-01,78696141.2355305,M3,15,M,r,STORAGE,20050201 0000,ROLLINS,RLL
RLL,2005-03-01,82273238.56441824,M3,15,M, ,STORAGE,20050301 0000,ROLLINS,RLL
CFW,2005-01-01,130379030.22877075,M3,15,M, ,STORAGE,20050101 0000,BEAR RIVER AT CAMP FAR WEST DAM,CFW
CFW,2005-02-01,131242467.51505399,M3,15,M, ,STORAGE,20050201 0000,BEAR RIVER AT CAMP FAR WEST DAM,CFW
CFW,2005-03-01,131735860.25007299,M3,15,M, ,STORAGE,20050301 0000,BEAR RIVER AT CAMP FAR WEST DAM,CFW
CPL,2005-01-01,13333938.663888475,M3,15,M, ,STORAGE,20050101 0000,CAPLES LAKE (EID),CPL
CPL,2005-02-01,13172352.543169752,M3,15,M, ,STORAGE,20050201 0000,CAPLES LAKE (EID),CPL
CPL,2005-03-01,13939578.246124297,M3,15,M, ,STORAGE,20050301 0000,CAPLES LAKE (EID),CPL
SIV,2005-01-01,2639651.13235165,M3,15,M,r,STORAGE,20050101 0000,SILVER LAKE RESERVOIR,SIV
SIV,2005-02-01,2787668.95285735,M3,15,M,r,STORAGE,20050201 0000,SILVER LAKE RESERVOIR,SIV
SIV,2005-03-01,3404409.8716311,M3,15,M,r,STORAGE,20050301 0000,SILVER LAKE RESERVOIR,SIV
LON,2005-01-01,23933248.09393414,M3,15,M, ,STORAGE,20050101 0000,LOON LAKE (SMUD),LON
LON,2005-02-01,24483380.993480325,M3,15,M, ,STORAGE,20050201 0000,LOON LAKE (SMUD),LON
LON,2005-03-01,30328851.42161793,M3,15,M, ,STORAGE,20050301 0000,LOON LAKE (SMUD),LON
LVY,2005-01-01,3786789.241270825,M3,15,M,r,STORAGE,20050101 0000,LAKE VALLEY RESERVOIR,LVY
LVY,2005-02-01,3959476.698527475,M3,15,M,r,STORAGE,20050201 0000,LAKE VALLEY RESERVOIR,LVY
LVY,2005-03-01,5550668.2689637495,M3,15,M,r,STORAGE,20050301 0000,LAKE VALLEY RESERVOIR,LVY
ICH,2005-01-01,23189458.545893,M3,15,M,r,STORAGE,20050101 0000,ICE HOUSE (SMUD),ICH
ICH,2005-02-01,19118968.48198625,M3,15,M,r,STORAGE,20050201 0000,ICE HOUSE (SMUD),ICH
ICH,2005-03-01,22942762.1783835,M3,15,M,r,STORAGE,20050301 0000,ICE HOUSE (SMUD),ICH
FMD,2005-01-01,66159031.83869771,M3,15,M, ,STORAGE,20050101 0000,FRENCH MEADOWS,FMD
FMD,2005-02-01,68137536.7061239,M3,15,M, ,STORAGE,20050201 0000,FRENCH MEADOWS,FMD
FMD,2005-03-01,81786013.23858698,M3,15,M, ,STORAGE,20050301 0000,FRENCH MEADOWS,FMD
UNV,2005-01-01,212940903.5431751,M3,15,M, ,STORAGE,20050101 0000,UNION VALLEY,UNV
UNV,2005-02-01,205998867.76145777,M3,15,M, ,STORAGE,20050201 0000,UNION VALLEY,UNV
UNV,2005-03-01,231686127.02838445,M3,15,M, ,STORAGE,20050301 0000,UNION VALLEY,UNV
HHL,2005-01-01,95101449.67491224,M3,15,M,r,STORAGE,20050101 0000,HELL HOLE (PCWA),HHL
HHL,2005-02-01,97445065.1662525,M3,15,M,r,STORAGE,20050201 0000,HELL HOLE (PCWA),HHL
HHL,2005-03-01,121520163.6715046,M3,15,M, ,STORAGE,20050301 0000,HELL HOLE (PCWA),HHL
EDN,2005-01-01,18378879.37945775,M3,15,M,e,STORAGE,20050101 0000,STUMPY MEADOWS RESERVOIR(MARK EDSON DAM),EDN
EDN,2005-02-01,20352450.31953375,M3,15,M,e,STORAGE,20050201 0000,STUMPY MEADOWS RESERVOIR(MARK EDSON DAM),EDN
EDN,2005-03-01,24669636.750949997,M3,15,M, ,STORAGE,20050301 0000,STUMPY MEADOWS RESERVOIR(MARK EDSON DAM),EDN
SLB,2005-01-01,18441786.953172673,M3,15,M, ,STORAGE,20050101 0000,SLAB CREEK,SLB
SLB,2005-02-01,17582050.112402063,M3,15,M, ,STORAGE,20050201 0000,SLAB CREEK,SLB
SLB,2005-03-01,17947160.736316126,M3,15,M, ,STORAGE,20050301 0000,SLAB CREEK,SLB
FOL,2005-01-01,719563964.7517096,M3,15,M, ,STORAGE,20050101 0000,FOLSOM LAKE,FOL
FOL,2005-02-01,751439602.3976121,M3,15,M, ,STORAGE,20050201 0000,FOLSOM LAKE,FOL
FOL,2005-03-01,831253278.1779606,M3,15,M, ,STORAGE,20050301 0000,FOLSOM LAKE,FOL
NAT,2005-01-01,9726004.289062036,M3,15,M, ,STORAGE,20050101 0000,LAKE NATOMA (NIMBUS DAM),NAT
NAT,2005-02-01,8816928.17478953,M3,15,M, ,STORAGE,20050201 0000,LAKE NATOMA (NIMBUS DAM),NAT
NAT,2005-03-01,10436489.827489397,M3,15,M, ,STORAGE,20050301 0000,LAKE NATOMA (NIMBUS DAM),NAT
INV,2005-01-01,271489352.44420475,M3,15,M, ,STORAGE,20050101 0000,INDIAN VALLEY,INV
INV,2005-02-01,288748230.31516933,M3,15,M, ,STORAGE,20050201 0000,INDIAN VALLEY,INV
INV,2005-03-01,325239556.9971746,M3,15,M, ,STORAGE,20050301 0000,INDIAN VALLEY,INV
CLA,2005-01-01,256564222.20988,M3,15,M, ,STORAGE,20050101 0000,CLEAR LK - CACHE CREEK,CLA
CLA,2005-02-01,326872686.9500875,M3,15,M,e,STORAGE,20050201 0000,CLEAR LK - CACHE CREEK,CLA
CLA,2005-03-01,388180434.72171086,M3,15,M, ,STORAGE,20050301 0000,CLEAR LK - CACHE CREEK,CLA
BER,2005-01-01,1888452058.9123595,M3,15,M,r,STORAGE,20050101 0000,BERRYESSA,BER
BER,2005-02-01,1944140063.4321165,M3,15,M, ,STORAGE,20050201 0000,BERRYESSA,BER
BER,2005-03-01,2002873534.6087782,M3,15,M, ,STORAGE,20050301 0000,BERRYESSA,BER
LVQ,2005-01-01,96828324.24747874,M3,15,M,,STORAGE,20050101 0000,LOS VAQUEROS RESERVOIR,LVQ
LVQ,2005-02-01,104290889.36464112,M3,15,M,,STORAGE,20050201 0000,LOS VAQUEROS RESERVOIR,LVQ
LVQ,2005-03-01,101256524.04427427,M3,15,M,,STORAGE,20050301 0000,LOS VAQUEROS RESERVOIR,LVQ
JNK,2005-01-01,41473359.82385959,M3,15,M,r,STORAGE,20050101 0000,JENKINSON LAKE,JNK
JNK,2005-02-01,48963061.54144801,M3,15,M, ,STORAGE,20050201 0000,JENKINSON LAKE,JNK
JNK,2005-03-01,50836720.45268266,M3,15,M, ,STORAGE,20050301 0000,JENKINSON LAKE,JNK
LWB,2005-01-01,18884606.932852224,M3,15,M, ,STORAGE,20050101 0000,LOWER BEAR,LWB
LWB,2005-02-01,16260991.064388692,M3,15,M, ,STORAGE,20050201 0000,LOWER BEAR,LWB
LWB,2005-03-01,8348205.0765214795,M3,15,M, ,STORAGE,20050301 0000,LOWER BEAR,LWB
SLS,2005-01-01,19612361.21700525,M3,15,M,r,STORAGE,20050101 0000,SALT SPRINGS,SLS
SLS,2005-02-01,8354372.485709217,M3,15,M, ,STORAGE,20050201 0000,SALT SPRINGS,SLS
SLS,2005-03-01,9161069.607465282,M3,15,M, ,STORAGE,20050301 0000,SALT SPRINGS,SLS
PAR,2005-01-01,222338801.6634495,M3,15,M, ,STORAGE,20050101 0000,PARDEE,PAR
PAR,2005-02-01,226220569.0062115,M3,15,M, ,STORAGE,20050201 0000,PARDEE,PAR
PAR,2005-03-01,228958898.68556693,M3,15,M, ,STORAGE,20050301 0000,PARDEE,PAR
CMN,2005-01-01,379236457.917654,M3,15,M, ,STORAGE,20050101 0000,CAMANCHE RESERVOIR,CMN
CMN,2005-02-01,415165316.88173753,M3,15,M, ,STORAGE,20050201 0000,CAMANCHE RESERVOIR,CMN
CMN,2005-03-01,458534538.28990763,M3,15,M, ,STORAGE,20050301 0000,CAMANCHE RESERVOIR,CMN
NHG,2005-01-01,205325386.67815685,M3,15,M, ,STORAGE,20050101 0000,NEW HOGAN LAKE,NHG
NHG,2005-02-01,239338648.34852916,M3,15,M, ,STORAGE,20050201 0000,NEW HOGAN LAKE,NHG
NHG,2005-03-01,292817486.89723855,M3,15,M, ,STORAGE,20050301 0000,NEW HOGAN LAKE,NHG
RLF,2005-01-01,4899389.85873867,M3,15,M, ,STORAGE,20050101 0000,RELIEF,RLF
RLF,2005-02-01,3813925.8416968696,M3,15,M, ,STORAGE,20050201 0000,RELIEF,RLF
RLF,2005-03-01,3848463.3331481996,M3,15,M,r,STORAGE,20050301 0000,RELIEF,RLF
SPM,2005-01-01,123841576.489769,M3,15,M,r,STORAGE,20050101 0000,NEW SPICER MEADOW,SPM
SPM,2005-02-01,124705013.77605224,M3,15,M,r,STORAGE,20050201 0000,NEW SPICER MEADOW,SPM
SPM,2005-03-01,126308540.16486399,M3,15,M,r,STORAGE,20050301 0000,NEW SPICER MEADOW,SPM
SWB,2005-01-01,5995955.212318397,M3,15,M, ,STORAGE,20050101 0000,STRAWBERRY,SWB
SWB,2005-02-01,5830668.646087032,M3,15,M, ,STORAGE,20050201 0000,STRAWBERRY,SWB
SWB,2005-03-01,6694105.932370282,M3,15,M, ,STORAGE,20050301 0000,STRAWBERRY,SWB
DON,2005-01-01,16056233.079355806,M3,15,M, ,STORAGE,20050101 0000,DONNELLS,DON
DON,2005-02-01,17653592.05897982,M3,15,M, ,STORAGE,20050201 0000,DONNELLS,DON
DON,2005-03-01,7432961.553061235,M3,15,M, ,STORAGE,20050301 0000,DONNELLS,DON
LYS,2005-01-01,4921592.531814525,M3,15,M, ,STORAGE,20050101 0000,LYONS RESERVOIR,LYS
LYS,2005-02-01,4941328.241215285,M3,15,M, ,STORAGE,20050201 0000,LYONS RESERVOIR,LYS
LYS,2005-03-01,4977099.214504162,M3,15,M, ,STORAGE,20050301 0000,LYONS RESERVOIR,LYS
BRD,2005-01-01,30100657.28167164,M3,15,M, ,STORAGE,20050101 0000,BEARDSLEY LAKE,BRD
BRD,2005-02-01,31097310.60641002,M3,15,M, ,STORAGE,20050201 0000,BEARDSLEY LAKE,BRD
BRD,2005-03-01,67002733.4155802,M3,15,M, ,STORAGE,20050301 0000,BEARDSLEY LAKE,BRD
NML,2005-01-01,1652631300.7645159,M3,15,M, ,STORAGE,20050101 0000,NEW MELONES RESERVOIR,NML
NML,2005-02-01,1772492431.3645191,M3,15,M, ,STORAGE,20050201 0000,NEW MELONES RESERVOIR,NML
NML,2005-03-01,1946870992.2204468,M3,15,M, ,STORAGE,20050301 0000,NEW MELONES RESERVOIR,NML
TUL,2005-01-01,66833746.40383619,M3,15,M, ,STORAGE,20050101 0000,TULLOCH,TUL
TUL,2005-02-01,62111977.92970436,M3,15,M, ,STORAGE,20050201 0000,TULLOCH,TUL
TUL,2005-03-01,71935427.28393266,M3,15,M, ,STORAGE,20050301 0000,TULLOCH,TUL
CHV,2005-01-01,310097333.9594415,M3,15,M,r,STORAGE,20050101 0000,CHERRY VALLEY DAM,CHV
CHV,2005-02-01,295912292.82764524,M3,15,M,r,STORAGE,20050201 0000,CHERRY VALLEY DAM,CHV
CHV,2005-03-01,281973948.0633585,M3,15,M,r,STORAGE,20050301 0000,CHERRY VALLEY DAM,CHV
ENR,2005-01-01,30759336.582922004,M3,15,M, ,STORAGE,20050101 0000,LAKE ELEANOR,ENR
ENR,2005-02-01,26273163.13976175,M3,15,M, ,STORAGE,20050201 0000,LAKE ELEANOR,ENR
ENR,2005-03-01,27753341.34481875,M3,15,M,r,STORAGE,20050301 0000,LAKE ELEANOR,ENR
HTH,2005-01-01,307877066.651856,M3,15,M,r,STORAGE,20050101 0000,HETCH HETCHY,HTH
HTH,2005-02-01,279136939.83699924,M3,15,M,r,STORAGE,20050201 0000,HETCH HETCHY,HTH
HTH,2005-03-01,235595030.9715725,M3,15,M,r,STORAGE,20050301 0000,HETCH HETCHY,HTH
DNP,2005-01-01,1939033448.6246698,M3,15,M,r,STORAGE,20050101 0000,DON PEDRO RESERVOIR,DNP
DNP,2005-02-01,2046346368.4913025,M3,15,M,r,STORAGE,20050201 0000,DON PEDRO RESERVOIR,DNP
DNP,2005-03-01,2100619569.3433924,M3,15,M,r,STORAGE,20050301 0000,DON PEDRO RESERVOIR,DNP
TLC,2005-01-01,29048497.274243623,M3,15,M, ,STORAGE,20050101 0000,TURLOCK LAKE,TLC
TLC,2005-02-01,36456789.19055391,M3,15,M, ,STORAGE,20050201 0000,TURLOCK LAKE,TLC
TLC,2005-03-01,42086400.2971207,M3,15,M, ,STORAGE,20050301 0000,TURLOCK LAKE,TLC
MDO,2005-01-01,23263467.45614585,M3,15,M, ,STORAGE,20050101 0000,MODESTO RESERVOIR,MDO
MDO,2005-02-01,25829109.67824465,M3,15,M, ,STORAGE,20050201 0000,MODESTO RESERVOIR,MDO
MDO,2005-03-01,26888670.57669795,M3,15,M, ,STORAGE,20050301 0000,MODESTO RESERVOIR,MDO
EXC,2005-01-01,585903872.8350625,M3,15,M,r,STORAGE,20050101 0000,NEW EXCHEQUER-LK MCCLURE,EXC
EXC,2005-02-01,696917238.2143375,M3,15,M,r,STORAGE,20050201 0000,NEW EXCHEQUER-LK MCCLURE,EXC
EXC,2005-03-01,842468095.0449425,M3,15,M,r,STORAGE,20050301 0000,NEW EXCHEQUER-LK MCCLURE,EXC
MCS,2005-01-01,10778164.296490055,M3,15,M, ,STORAGE,20050101 0000,LAKE MC SWAIN,MCS
MCS,2005-02-01,10353846.544373715,M3,15,M, ,STORAGE,20050201 0000,LAKE MC SWAIN,MCS
MCS,2005-03-01,11904333.214170922,M3,15,M, ,STORAGE,20050301 0000,LAKE MC SWAIN,MCS
BUC,2005-01-01,86944434.28321064,M3,15,M, ,STORAGE,20050101 0000,BUCHANAN DAM,BUC
BUC,2005-02-01,114933370.65900095,M3,15,M, ,STORAGE,20050201 0000,BUCHANAN DAM,BUC
BUC,2005-03-01,157694485.52126014,M3,15,M, ,STORAGE,20050301 0000,BUCHANAN DAM,BUC
HID,2005-01-01,52710379.36391731,M3,15,M, ,STORAGE,20050101 0000,HIDDEN DAM (HENSLEY),HID
HID,2005-02-01,70874632.9036418,M3,15,M, ,STORAGE,20050201 0000,HIDDEN DAM (HENSLEY),HID
HID,2005-03-01,90070077.259556,M3,15,M, ,STORAGE,20050301 0000,HIDDEN DAM (HENSLEY),HID
TAE,2005-01-01,67218592.73715101,M3,15,M, ,STORAGE,20050101 0000,THOMAS A EDISON,TAE
TAE,2005-02-01,45520413.732852936,M3,15,M, ,STORAGE,20050201 0000,THOMAS A EDISON,TAE
TAE,2005-03-01,33659252.38299618,M3,15,M, ,STORAGE,20050301 0000,THOMAS A EDISON,TAE
FLR,2005-01-01,1449341.1591183124,M3,15,M, ,STORAGE,20050101 0000,FLORENCE LAKE (SCE),FLR
FLR,2005-02-01,1476477.7595443574,M3,15,M,r,STORAGE,20050201 0000,FLORENCE LAKE (SCE),FLR
FLR,2005-03-01,1540618.8150968275,M3,15,M,r,STORAGE,20050301 0000,FLORENCE LAKE (SCE),FLR
HNT,2005-01-01,45267549.9561557,M3,15,M, ,STORAGE,20050101 0000,HUNTINGTON LAKE (USBR),HNT
HNT,2005-02-01,49791961.33627993,M3,15,M, ,STORAGE,20050201 0000,HUNTINGTON LAKE (USBR),HNT
HNT,2005-03-01,58938229.16169464,M3,15,M, ,STORAGE,20050301 0000,HUNTINGTON LAKE (USBR),HNT
SHV,2005-01-01,121631177.03688388,M3,15,M, ,STORAGE,20050101 0000,SHAVER LAKE,SHV
SHV,2005-02-01,152069808.34204352,M3,15,M, ,STORAGE,20050201 0000,SHAVER LAKE,SHV
SHV,2005-03-01,121205625.80292998,M3,15,M, ,STORAGE,20050301 0000,SHAVER LAKE,SHV
CNV,2005-01-01,40718468.93928052,M3,15,M, ,STORAGE,20050101 0000,CRANE VALLEY,CNV
CNV,2005-02-01,41913712.839864045,M3,15,M, ,STORAGE,20050201 0000,CRANE VALLEY,CNV
CNV,2005-03-01,41951950.77682802,M3,15,M, ,STORAGE,20050301 0000,CRANE VALLEY,CNV
MPL,2005-01-01,89660561.28949022,M3,15,M, ,STORAGE,20050101 0000,MAMMOTH POOL,MPL
MPL,2005-02-01,46952486.146245584,M3,15,M,r,STORAGE,20050201 0000,MAMMOTH POOL,MPL
MPL,2005-03-01,49886939.43777109,M3,15,M, ,STORAGE,20050301 0000,MAMMOTH POOL,MPL
RDN,2005-01-01,22953863.514921427,M3,15,M, ,STORAGE,20050101 0000,REDINGER LAKE,RDN
RDN,2005-02-01,30941891.894879036,M3,15,M, ,STORAGE,20050201 0000,REDINGER LAKE,RDN
RDN,2005-03-01,28751228.151394676,M3,15,M, ,STORAGE,20050301 0000,REDINGER LAKE,RDN
MIL,2005-01-01,512234170.08753806,M3,15,M, ,STORAGE,20050101 0000,FRIANT DAM (MILLERTON),MIL
MIL,2005-02-01,503145875.90848804,M3,15,M, ,STORAGE,20050201 0000,FRIANT DAM (MILLERTON),MIL
MIL,2005-03-01,604021254.0649601,M3,15,M, ,STORAGE,20050301 0000,FRIANT DAM (MILLERTON),MIL
LBS,2005-01-01,24958271.500936113,M3,15,M, ,STORAGE,20050101 0000,LOS BANOS DAM,LBS
LBS,2005-02-01,24810253.680430412,M3,15,M, ,STORAGE,20050201 0000,LOS BANOS DAM,LBS
LBS,2005-03-01,26168317.18357021,M3,15,M, ,STORAGE,20050301 0000,LOS BANOS DAM,LBS
SNL,2005-01-01,2233200364.6521854,M3,15,M, ,STORAGE,20050101 0000,SAN LUIS RESERVOIR,SNL
SNL,2005-02-01,2427854899.9537187,M3,15,M, ,STORAGE,20050201 0000,SAN LUIS RESERVOIR,SNL
SNL,2005-03-01,2503493239.713969,M3,15,M, ,STORAGE,20050301 0000,SAN LUIS RESERVOIR,SNL
LUS,2005-01-01,1250041331.2165751,M3,15,M, ,STORAGE,20050101 0000,SAN LUIS RESERVOIR (STATE),LUS
LUS,2005-02-01,1356674602.590719,M3,15,M, ,STORAGE,20050201 0000,SAN LUIS RESERVOIR (STATE),LUS
LUS,2005-03-01,1311576039.6463072,M3,15,M, ,STORAGE,20050301 0000,SAN LUIS RESERVOIR (STATE),LUS
SLF,2005-01-01,983159033.4356103,M3,15,M, ,STORAGE,20050101 0000,SAN LUIS RESERVOIR (FEDERAL),SLF
SLF,2005-02-01,1071180297.3629999,M3,15,M, ,STORAGE,20050201 0000,SAN LUIS RESERVOIR (FEDERAL),SLF
SLF,2005-03-01,1191917200.0676618,M3,15,M, ,STORAGE,20050301 0000,SAN LUIS RESERVOIR (FEDERAL),SLF
ONF,2005-01-01,63821583.75654519,M3,15,M, ,STORAGE,20050101 0000,ONEILL FOREBAY,ONF
ONF,2005-02-01,59844838.312292054,M3,15,M, ,STORAGE,20050201 0000,ONEILL FOREBAY,ONF
ONF,2005-03-01,54252231.66085169,M3,15,M, ,STORAGE,20050301 0000,ONEILL FOREBAY,ONF
CTG,2005-01-01,50971169.97297534,M3,15,M, ,STORAGE,20050101 0000,COURTRIGHT (PG&E),CTG
CTG,2005-02-01,30470701.832935892,M3,15,M, ,STORAGE,20050201 0000,COURTRIGHT (PG&E),CTG
CTG,2005-03-01,24216948.916570067,M3,15,M, ,STORAGE,20050301 0000,COURTRIGHT (PG&E),CTG
WSN,2005-01-01,45126933.026675284,M3,15,M, ,STORAGE,20050101 0000,WISHON,WSN
WSN,2005-02-01,49355308.765788116,M3,15,M, ,STORAGE,20050201 0000,WISHON,WSN
WSN,2005-03-01,53716900.543356076,M3,15,M, ,STORAGE,20050301 0000,WISHON,WSN
PNF,2005-01-01,421220479.2222582,M3,15,M, ,STORAGE,20050101 0000,PINE FLAT DAM,PNF
PNF,2005-02-01,536906273.8021631,M3,15,M, ,STORAGE,20050201 0000,PINE FLAT DAM,PNF
PNF,2005-03-01,700649754.2547562,M3,15,M, ,STORAGE,20050301 0000,PINE FLAT DAM,PNF
TRM,2005-01-01,10268736.297582937,M3,15,M, ,STORAGE,20050101 0000,TERMINUS DAM,TRM
TRM,2005-02-01,27563385.141836435,M3,15,M, ,STORAGE,20050201 0000,TERMINUS DAM,TRM
TRM,2005-03-01,72544767.3116811,M3,15,M, ,STORAGE,20050301 0000,TERMINUS DAM,TRM
SCC,2005-01-01,11047063.337075409,M3,15,M, ,STORAGE,20050101 0000,SUCCESS DAM,SCC
SCC,2005-02-01,19030157.789682828,M3,15,M, ,STORAGE,20050201 0000,SUCCESS DAM,SCC
SCC,2005-03-01,33592644.363768615,M3,15,M, ,STORAGE,20050301 0000,SUCCESS DAM,SCC
ISB,2005-01-01,161309820.78711185,M3,15,M, ,STORAGE,20050101 0000,ISABELLA DAM,ISB
ISB,2005-02-01,179350726.14308158,M3,15,M, ,STORAGE,20050201 0000,ISABELLA DAM,ISB
ISB,2005-03-01,248557691.60235918,M3,15,M, ,STORAGE,20050301 0000,ISABELLA DAM,ISB
INP,2005-01-01,16053766.115680711,M3,15,M, ,STORAGE,20050101 0000,INDEPENDENCE LAKE NEAR TRUCKEE,INP
INP,2005-02-01,15988391.578290693,M3,15,M, ,STORAGE,20050201 0000,INDEPENDENCE LAKE NEAR TRUCKEE,INP
INP,2005-03-01,16706278.00774334,M3,15,M, ,STORAGE,20050301 0000,INDEPENDENCE LAKE NEAR TRUCKEE,INP
THC,2005-01-01,10447591.164027324,M3,15,M, ,STORAGE,20050101 0000,LAKE TAHOE AT TAHOE CITY,THC
THC,2005-02-01,28468760.8105963,M3,15,M, ,STORAGE,20050201 0000,LAKE TAHOE AT TAHOE CITY,THC
THC,2005-03-01,92807173.4570739,M3,15,M, ,STORAGE,20050301 0000,LAKE TAHOE AT TAHOE CITY,THC
STP,2005-01-01,126185191.98110925,M3,15,M,r,STORAGE,20050101 0000,STAMPEDE,STP
STP,2005-02-01,127048629.26739249,M3,15,M,r,STORAGE,20050201 0000,STAMPEDE,STP
STP,2005-03-01,134326172.10892275,M3,15,M,r,STORAGE,20050301 0000,STAMPEDE,STP
DNN,2005-01-01,4329521.249791725,M3,15,M,r,STORAGE,20050101 0000,DONNER LAKE,DNN
DNN,2005-02-01,4354190.886542675,M3,15,M,r,STORAGE,20050201 0000,DONNER LAKE,DNN
DNN,2005-03-01,4995601.4420673745,M3,15,M,r,STORAGE,20050301 0000,DONNER LAKE,DNN
MRT,2005-01-01,970750.2061498824,M3,15,M, ,STORAGE,20050101 0000,MARTIS CREEK RESERVOIR,MRT
MRT,2005-02-01,981851.5426878099,M3,15,M, ,STORAGE,20050201 0000,MARTIS CREEK RESERVOIR,MRT
MRT,2005-03-01,1254451.0287858075,M3,15,M, ,STORAGE,20050301 0000,MARTIS CREEK RESERVOIR,MRT
PRS,2005-01-01,6068730.640733699,M3,15,M,r,STORAGE,20050101 0000,PROSSER CREEK RESERVOIR,PRS
PRS,2005-02-01,6130404.732611075,M3,15,M,r,STORAGE,20050201 0000,PROSSER CREEK RESERVOIR,PRS
PRS,2005-03-01,11868562.240882045,M3,15,M, ,STORAGE,20050301 0000,PROSSER CREEK RESERVOIR,PRS
BOC,2005-01-01,6649700.586218572,M3,15,M, ,STORAGE,20050101 0000,BOCA RESERVOIR,BOC
BOC,2005-02-01,6105735.095860125,M3,15,M,r,STORAGE,20050201 0000,BOCA RESERVOIR,BOC
BOC,2005-03-01,15170593.119996702,M3,15,M, ,STORAGE,20050301 0000,BOCA RESERVOIR,BOC
BDP,2005-01-01,16689009.262017675,M3,15,M, ,STORAGE,20050101 0000,BRIDGEPORT RESERVOIR,BDP
BDP,2005-02-01,21610601.793832198,M3,15,M,r,STORAGE,20050201 0000,BRIDGEPORT RESERVOIR,BDP
BDP,2005-03-01,32403567.872372825,M3,15,M, ,STORAGE,20050301 0000,BRIDGEPORT RESERVOIR,BDP
SDB,2005-01-01,5155954.080948549,M3,15,M,r,STORAGE,20050101 0000,SADDLEBAG LAKE RESERVOIR,SDB
SDB,2005-02-01,4465204.25192195,M3,15,M,r,STORAGE,20050201 0000,SADDLEBAG LAKE RESERVOIR,SDB
SDB,2005-03-01,3774454.42289535,M3,15,M,r,STORAGE,20050301 0000,SADDLEBAG LAKE RESERVOIR,SDB
GLK,2005-01-01,12014113.097712649,M3,15,M,r,STORAGE,20050101 0000,GEM LAKE,GLK
GLK,2005-02-01,8572698.770955125,M3,15,M,r,STORAGE,20050201 0000,GEM LAKE,GLK
GLK,2005-03-01,3305731.3246273,M3,15,M,r,STORAGE,20050301 0000,GEM LAKE,GLK
GNT,2005-01-01,17971830.373067074,M3,15,M, ,STORAGE,20050101 0000,GRANT LAKE,GNT
GNT,2005-02-01,17540111.72992545,M3,15,M, ,STORAGE,20050201 0000,GRANT LAKE,GNT
GNT,2005-03-01,19168307.75548815,M3,15,M, ,STORAGE,20050301 0000,GRANT LAKE,GNT
CRW,2005-01-01,153691836.9584185,M3,15,M, ,STORAGE,20050101 0000,LAKE CROWLEY,CRW
CRW,2005-02-01,165779958.966384,M3,15,M, ,STORAGE,20050201 0000,LAKE CROWLEY,CRW
CRW,2005-03-01,171700671.786612,M3,15,M, ,STORAGE,20050301 0000,LAKE CROWLEY,CRW
TNM,2005-01-01,4070490.0639067497,M3,15,M, ,STORAGE,20050101 0000,TINEMAHA RESERVOIR,TNM
TNM,2005-02-01,1085464.0170417998,M3,15,M, ,STORAGE,20050201 0000,TINEMAHA RESERVOIR,TNM
TNM,2005-03-01,5649346.81596755,M3,15,M, ,STORAGE,20050301 0000,TINEMAHA RESERVOIR,TNM
HWE,2005-01-01,38657320.788738646,M3,15,M, ,STORAGE,20050101 0000,HAIWEE,HWE
HWE,2005-02-01,38620316.333612226,M3,15,M, ,STORAGE,20050201 0000,HAIWEE,HWE
HWE,2005-03-01,29899599.7421514,M3,15,M, ,STORAGE,20050301 0000,HAIWEE,HWE
SKR,2005-01-01,8597368.407706074,M3,15,M,r,STORAGE,20050101 0000,SOUTH LAKE RESERVOIR,SKR
SKR,2005-02-01,7450230.2987869,M3,15,M,r,STORAGE,20050201 0000,SOUTH LAKE RESERVOIR,SKR
SKR,2005-03-01,6044061.00398275,M3,15,M,r,STORAGE,20050301 0000,SOUTH LAKE RESERVOIR,SKR
SLW,2005-01-01,89348490.3845907,M3,15,M, ,STORAGE,20050101 0000,LAKE SILVERWOOD,SLW
SLW,2005-02-01,85485225.26939194,M3,15,M, ,STORAGE,20050201 0000,LAKE SILVERWOOD,SLW
SLW,2005-03-01,90987787.74669133,M3,15,M, ,STORAGE,20050301 0000,LAKE SILVERWOOD,SLW
